gene_id	family	published	this_scan
PtXaTreH.01G040100	NAC	1	2
PtXaTreH.01G058500	NAC	14	15
PtXaTreH.01G095800	MYB	13	14
PtXaTreH.01G182100	MYB	32	33
PtXaTreH.01G372800	MYB	0	1
PtXaTreH.02G022500	MYB	2	3
PtXaTreH.04G002000	MYB	4	5
PtXaTreH.04G006100	SPL	2	3
PtXaTreH.04G078900	MYB	6	7
PtXaTreH.04G151500	ABRE_bZIP	2	3
PtXaTreH.04G170700	SPL	2	3
PtXaTreH.04G182900	MYB	0	1
PtXaTreH.05G002800	DREB_ERF	21	22
PtXaTreH.05G066900	DREB_ERF	6	7
PtXaTreH.05G103100	MYB	10	11
PtXaTreH.05G133000	MYB	1	2
PtXaTreH.05G162600	DREB_ERF	23	24
PtXaTreH.06G188600	MYB	8	9
PtXaTreH.08G145800	MYB	5	6
PtXaTreH.09G037600	MYB	0	1
PtXaTreH.09G125200	ABRE_bZIP	13	14
PtXaTreH.09G125200	MADS_box	13	14
PtXaTreH.09G132300	ARF	1	2
PtXaTreH.10G188100	MYB	0	1
PtXaTreH.11G066800	MYB	1	2
PtXaTreH.13G026500	SPL	10	11
PtXaTreH.17G079000	MYB	4	5
PtXaTreH.18G043000	MYB	7	8
PtXaTreH.18G067200	ABRE_bZIP	1	2
PtXaTreH.19G034700	WRKY	10	12
PtXaTreH.19G052700	DREB_ERF	3	4
PtXaAlbH.01G127000	DREB_ERF	2	3
PtXaAlbH.01G295000	MYB	1	2
PtXaAlbH.02G129700	DREB_ERF	5	6
PtXaAlbH.04G022400	MYB	0	1
PtXaAlbH.04G178100	DREB_ERF	33	34
PtXaAlbH.05G163300	NAC	10	14
PtXaAlbH.06G152900	MYB	1	2
PtXaAlbH.07G087000	DREB_ERF	11	12
PtXaAlbH.10G028400	MYB	18	19
PtXaAlbH.10G044100	ABRE_bZIP	5	7
PtXaAlbH.10G181700	MYB	0	1
PtXaAlbH.11G038700	NAC	2	3
PtXaAlbH.12G086300	DREB_ERF	13	31
PtXaAlbH.17G036600	DREB_ERF	1	2
